id,plano_pai_id,codigo,nome,tipo_conta,natureza
00000000-0000-4000-8000-000000100000,,1,RECEITAS,S,R
00000000-0000-4000-8000-000000200000,,2,CUSTOS DOS SERVIÇOS,S,D
00000000-0000-4000-8000-000000300000,,3,DESPESAS OPERACIONAIS,S,D
00000000-0000-4000-8000-000000400000,,4,TRIBUTOS,S,D
00000000-0000-4000-8000-000000500000,,5,DESPESAS FINANCEIRAS,S,D
00000000-0000-4000-8000-000000600000,,6,INVESTIMENTOS,S,D
00000000-0000-4000-8000-000000700000,,7,ENTRADAS NÃO OPERACIONAIS,S,R
00000000-0000-4000-8000-000000800000,,8,SAÍDAS NÃO OPERACIONAIS,S,D
00000000-0000-4000-8000-000000101000,00000000-0000-4000-8000-000000100000,1.01,Receitas de Serviços,S,R
00000000-0000-4000-8000-000000102000,00000000-0000-4000-8000-000000100000,1.02,Receitas Recorrentes,S,R
00000000-0000-4000-8000-000000103000,00000000-0000-4000-8000-000000100000,1.03,Outras Receitas Operacionais,S,R
00000000-0000-4000-8000-000000104000,00000000-0000-4000-8000-000000100000,1.04,Receitas Financeiras,S,R
00000000-0000-4000-8000-000000201000,00000000-0000-4000-8000-000000200000,2.01,Pessoal Operacional,S,D
00000000-0000-4000-8000-000000202000,00000000-0000-4000-8000-000000200000,2.02,Terceiros,S,D
00000000-0000-4000-8000-000000203000,00000000-0000-4000-8000-000000200000,2.03,Tecnologia Operacional,S,D
00000000-0000-4000-8000-000000204000,00000000-0000-4000-8000-000000200000,2.04,Outros Custos Operacionais,S,D
00000000-0000-4000-8000-000000301000,00000000-0000-4000-8000-000000300000,3.01,Pessoal Administrativo,S,D
00000000-0000-4000-8000-000000302000,00000000-0000-4000-8000-000000300000,3.02,Diretoria,S,D
00000000-0000-4000-8000-000000303000,00000000-0000-4000-8000-000000300000,3.03,Estrutura,S,D
00000000-0000-4000-8000-000000304000,00000000-0000-4000-8000-000000300000,3.04,Administrativo,S,D
00000000-0000-4000-8000-000000305000,00000000-0000-4000-8000-000000300000,3.05,Tecnologia Interna,S,D
00000000-0000-4000-8000-000000306000,00000000-0000-4000-8000-000000300000,3.06,Comercial,S,D
00000000-0000-4000-8000-000000307000,00000000-0000-4000-8000-000000300000,3.07,Marketing,S,D
00000000-0000-4000-8000-000000308000,00000000-0000-4000-8000-000000300000,3.08,Gerais,S,D
00000000-0000-4000-8000-000000401000,00000000-0000-4000-8000-000000400000,4.01,Impostos sobre Faturamento,S,D
00000000-0000-4000-8000-000000402000,00000000-0000-4000-8000-000000400000,4.02,Impostos sobre o Lucro,S,D
00000000-0000-4000-8000-000000403000,00000000-0000-4000-8000-000000400000,4.03,Taxas e Tributos Patrimoniais,S,D
00000000-0000-4000-8000-000000501000,00000000-0000-4000-8000-000000500000,5.01,Tarifas e Taxas,S,D
00000000-0000-4000-8000-000000502000,00000000-0000-4000-8000-000000500000,5.02,Juros e Encargos,S,D
00000000-0000-4000-8000-000000503000,00000000-0000-4000-8000-000000500000,5.03,Outras Financeiras,S,D
00000000-0000-4000-8000-000000601000,00000000-0000-4000-8000-000000600000,6.01,Tecnologia,S,D
00000000-0000-4000-8000-000000602000,00000000-0000-4000-8000-000000600000,6.02,Estrutura,S,D
00000000-0000-4000-8000-000000603000,00000000-0000-4000-8000-000000600000,6.03,Desenvolvimento,S,D
00000000-0000-4000-8000-000000604000,00000000-0000-4000-8000-000000600000,6.04,Marca e Projetos,S,D
00000000-0000-4000-8000-000000701000,00000000-0000-4000-8000-000000700000,7.01,Captação de Recursos,S,R
00000000-0000-4000-8000-000000702000,00000000-0000-4000-8000-000000700000,7.02,Entradas de Sócios,S,R
00000000-0000-4000-8000-000000703000,00000000-0000-4000-8000-000000700000,7.03,Resgates e Transferências Recebidas,S,R
00000000-0000-4000-8000-000000704000,00000000-0000-4000-8000-000000700000,7.04,Adiantamentos de Clientes,S,R
00000000-0000-4000-8000-000000801000,00000000-0000-4000-8000-000000800000,8.01,Pagamento de Dívidas,S,D
00000000-0000-4000-8000-000000802000,00000000-0000-4000-8000-000000800000,8.02,Saídas para Sócios,S,D
00000000-0000-4000-8000-000000803000,00000000-0000-4000-8000-000000800000,8.03,Aplicações e Transferências Enviadas,S,D
00000000-0000-4000-8000-000000804000,00000000-0000-4000-8000-000000800000,8.04,Cartão e Adiantamentos,S,D
00000000-0000-4000-8000-000000101001,00000000-0000-4000-8000-000000101000,1.01.001,Consultoria,A,R
00000000-0000-4000-8000-000000101002,00000000-0000-4000-8000-000000101000,1.01.002,Desenvolvimento de Software,A,R
00000000-0000-4000-8000-000000101003,00000000-0000-4000-8000-000000101000,1.01.003,Suporte e Manutenção,A,R
00000000-0000-4000-8000-000000101004,00000000-0000-4000-8000-000000101000,1.01.004,Implantação,A,R
00000000-0000-4000-8000-000000101005,00000000-0000-4000-8000-000000101000,1.01.005,Treinamentos,A,R
00000000-0000-4000-8000-000000102001,00000000-0000-4000-8000-000000102000,1.02.001,Assinaturas,A,R
00000000-0000-4000-8000-000000102002,00000000-0000-4000-8000-000000102000,1.02.002,Licenciamento de Software,A,R
00000000-0000-4000-8000-000000102003,00000000-0000-4000-8000-000000102000,1.02.003,Hospedagem e Infraestrutura,A,R
00000000-0000-4000-8000-000000103001,00000000-0000-4000-8000-000000103000,1.03.001,Taxas e Serviços Adicionais,A,R
00000000-0000-4000-8000-000000103002,00000000-0000-4000-8000-000000103000,1.03.002,Reembolso de Despesas por Clientes,A,R
00000000-0000-4000-8000-000000103003,00000000-0000-4000-8000-000000103000,1.03.003,Venda de Bens e Equipamentos,A,R
00000000-0000-4000-8000-000000103004,00000000-0000-4000-8000-000000103000,1.03.004,Outras Receitas,A,R
00000000-0000-4000-8000-000000104001,00000000-0000-4000-8000-000000104000,1.04.001,Rendimentos de Aplicações,A,R
00000000-0000-4000-8000-000000104002,00000000-0000-4000-8000-000000104000,1.04.002,Juros e Multas Recebidos,A,R
00000000-0000-4000-8000-000000104003,00000000-0000-4000-8000-000000104000,1.04.003,Outras Receitas Financeiras,A,R
00000000-0000-4000-8000-000000201001,00000000-0000-4000-8000-000000201000,2.01.001,Salários,A,D
00000000-0000-4000-8000-000000201002,00000000-0000-4000-8000-000000201000,2.01.002,Encargos,A,D
00000000-0000-4000-8000-000000201003,00000000-0000-4000-8000-000000201000,2.01.003,Benefícios,A,D
00000000-0000-4000-8000-000000201004,00000000-0000-4000-8000-000000201000,2.01.004,Treinamento,A,D
00000000-0000-4000-8000-000000202001,00000000-0000-4000-8000-000000202000,2.02.001,Freelancers,A,D
00000000-0000-4000-8000-000000202002,00000000-0000-4000-8000-000000202000,2.02.002,Prestadores de Serviços Técnicos,A,D
00000000-0000-4000-8000-000000202003,00000000-0000-4000-8000-000000202000,2.02.003,Subcontratação de Projetos,A,D
00000000-0000-4000-8000-000000203001,00000000-0000-4000-8000-000000203000,2.03.001,Computação em Nuvem,A,D
00000000-0000-4000-8000-000000203002,00000000-0000-4000-8000-000000203000,2.03.002,Serviços de IA,A,D
00000000-0000-4000-8000-000000203003,00000000-0000-4000-8000-000000203000,2.03.003,APIs de Terceiros,A,D
00000000-0000-4000-8000-000000203004,00000000-0000-4000-8000-000000203000,2.03.004,Licenças de Software Operacional,A,D
00000000-0000-4000-8000-000000204001,00000000-0000-4000-8000-000000204000,2.04.001,Materiais Aplicados aos Serviços,A,D
00000000-0000-4000-8000-000000204002,00000000-0000-4000-8000-000000204000,2.04.002,Deslocamentos Operacionais,A,D
00000000-0000-4000-8000-000000204003,00000000-0000-4000-8000-000000204000,2.04.003,Hospedagem e Alimentação em Projetos,A,D
00000000-0000-4000-8000-000000301001,00000000-0000-4000-8000-000000301000,3.01.001,Salários,A,D
00000000-0000-4000-8000-000000301002,00000000-0000-4000-8000-000000301000,3.01.002,Encargos,A,D
00000000-0000-4000-8000-000000301003,00000000-0000-4000-8000-000000301000,3.01.003,Benefícios,A,D
00000000-0000-4000-8000-000000301004,00000000-0000-4000-8000-000000301000,3.01.004,Treinamento e Capacitação,A,D
00000000-0000-4000-8000-000000302001,00000000-0000-4000-8000-000000302000,3.02.001,Pró-labore,A,D
00000000-0000-4000-8000-000000302002,00000000-0000-4000-8000-000000302000,3.02.002,Encargos sobre Pró-labore,A,D
00000000-0000-4000-8000-000000302003,00000000-0000-4000-8000-000000302000,3.02.003,Benefícios da Diretoria,A,D
00000000-0000-4000-8000-000000303001,00000000-0000-4000-8000-000000303000,3.03.001,Aluguel,A,D
00000000-0000-4000-8000-000000303002,00000000-0000-4000-8000-000000303000,3.03.002,Condomínio,A,D
00000000-0000-4000-8000-000000303003,00000000-0000-4000-8000-000000303000,3.03.003,Energia Elétrica,A,D
00000000-0000-4000-8000-000000303004,00000000-0000-4000-8000-000000303000,3.03.004,Água,A,D
00000000-0000-4000-8000-000000303005,00000000-0000-4000-8000-000000303000,3.03.005,Internet,A,D
00000000-0000-4000-8000-000000303006,00000000-0000-4000-8000-000000303000,3.03.006,Telefonia,A,D
00000000-0000-4000-8000-000000303007,00000000-0000-4000-8000-000000303000,3.03.007,Manutenção e Limpeza,A,D
00000000-0000-4000-8000-000000304001,00000000-0000-4000-8000-000000304000,3.04.001,Material de Escritório,A,D
00000000-0000-4000-8000-000000304002,00000000-0000-4000-8000-000000304000,3.04.002,Serviços de Contabilidade,A,D
00000000-0000-4000-8000-000000304003,00000000-0000-4000-8000-000000304000,3.04.003,Serviços Jurídicos,A,D
00000000-0000-4000-8000-000000304004,00000000-0000-4000-8000-000000304000,3.04.004,Consultorias e Assessorias,A,D
00000000-0000-4000-8000-000000304005,00000000-0000-4000-8000-000000304000,3.04.005,Seguros,A,D
00000000-0000-4000-8000-000000304006,00000000-0000-4000-8000-000000304000,3.04.006,Correios e Fretes,A,D
00000000-0000-4000-8000-000000305001,00000000-0000-4000-8000-000000305000,3.05.001,Software e Licenças,A,D
00000000-0000-4000-8000-000000305002,00000000-0000-4000-8000-000000305000,3.05.002,Equipamentos de TI (baixo valor),A,D
00000000-0000-4000-8000-000000305003,00000000-0000-4000-8000-000000305000,3.05.003,Suporte e Manutenção de TI,A,D
00000000-0000-4000-8000-000000306001,00000000-0000-4000-8000-000000306000,3.06.001,Comissões,A,D
00000000-0000-4000-8000-000000306002,00000000-0000-4000-8000-000000306000,3.06.002,Representantes Comerciais,A,D
00000000-0000-4000-8000-000000306003,00000000-0000-4000-8000-000000306000,3.06.003,Deslocamentos Comerciais,A,D
00000000-0000-4000-8000-000000306004,00000000-0000-4000-8000-000000306000,3.06.004,Brindes e Relacionamento,A,D
00000000-0000-4000-8000-000000307001,00000000-0000-4000-8000-000000307000,3.07.001,Publicidade e Anúncios,A,D
00000000-0000-4000-8000-000000307002,00000000-0000-4000-8000-000000307000,3.07.002,Agência de Marketing,A,D
00000000-0000-4000-8000-000000307003,00000000-0000-4000-8000-000000307000,3.07.003,Eventos,A,D
00000000-0000-4000-8000-000000307004,00000000-0000-4000-8000-000000307000,3.07.004,Produção de Conteúdo,A,D
00000000-0000-4000-8000-000000308001,00000000-0000-4000-8000-000000308000,3.08.001,Multas e Infrações,A,D
00000000-0000-4000-8000-000000308002,00000000-0000-4000-8000-000000308000,3.08.002,Devoluções e Estornos a Clientes,A,D
00000000-0000-4000-8000-000000308003,00000000-0000-4000-8000-000000308000,3.08.003,Outras Despesas,A,D
00000000-0000-4000-8000-000000401001,00000000-0000-4000-8000-000000401000,4.01.001,Simples Nacional (DAS),A,D
00000000-0000-4000-8000-000000401002,00000000-0000-4000-8000-000000401000,4.01.002,ISS,A,D
00000000-0000-4000-8000-000000401003,00000000-0000-4000-8000-000000401000,4.01.003,PIS e COFINS,A,D
00000000-0000-4000-8000-000000401004,00000000-0000-4000-8000-000000401000,4.01.004,Outros Impostos sobre Faturamento,A,D
00000000-0000-4000-8000-000000402001,00000000-0000-4000-8000-000000402000,4.02.001,IRPJ,A,D
00000000-0000-4000-8000-000000402002,00000000-0000-4000-8000-000000402000,4.02.002,CSLL,A,D
00000000-0000-4000-8000-000000403001,00000000-0000-4000-8000-000000403000,4.03.001,IPTU e IPVA,A,D
00000000-0000-4000-8000-000000403002,00000000-0000-4000-8000-000000403000,4.03.002,Taxas Públicas e Licenças,A,D
00000000-0000-4000-8000-000000403003,00000000-0000-4000-8000-000000403000,4.03.003,Anuidades e Contribuições,A,D
00000000-0000-4000-8000-000000501001,00000000-0000-4000-8000-000000501000,5.01.001,Tarifas Bancárias,A,D
00000000-0000-4000-8000-000000501002,00000000-0000-4000-8000-000000501000,5.01.002,Taxas de Cartão,A,D
00000000-0000-4000-8000-000000501003,00000000-0000-4000-8000-000000501000,5.01.003,IOF,A,D
00000000-0000-4000-8000-000000502001,00000000-0000-4000-8000-000000502000,5.02.001,Juros e Multas por Atraso,A,D
00000000-0000-4000-8000-000000502002,00000000-0000-4000-8000-000000502000,5.02.002,Juros de Empréstimos e Financiamentos,A,D
00000000-0000-4000-8000-000000502003,00000000-0000-4000-8000-000000502000,5.02.003,Juros de Parcelamentos,A,D
00000000-0000-4000-8000-000000503001,00000000-0000-4000-8000-000000503000,5.03.001,Variação Cambial,A,D
00000000-0000-4000-8000-000000503002,00000000-0000-4000-8000-000000503000,5.03.002,Outras Despesas Financeiras,A,D
00000000-0000-4000-8000-000000601001,00000000-0000-4000-8000-000000601000,6.01.001,Computadores e Periféricos,A,D
00000000-0000-4000-8000-000000601002,00000000-0000-4000-8000-000000601000,6.01.002,Servidores e Equipamentos de Rede,A,D
00000000-0000-4000-8000-000000601003,00000000-0000-4000-8000-000000601000,6.01.003,Software e Sistemas Adquiridos,A,D
00000000-0000-4000-8000-000000602001,00000000-0000-4000-8000-000000602000,6.02.001,Móveis e Utensílios,A,D
00000000-0000-4000-8000-000000602002,00000000-0000-4000-8000-000000602000,6.02.002,Reformas e Benfeitorias,A,D
00000000-0000-4000-8000-000000602003,00000000-0000-4000-8000-000000602000,6.02.003,Veículos,A,D
00000000-0000-4000-8000-000000603001,00000000-0000-4000-8000-000000603000,6.03.001,Desenvolvimento de Novos Produtos,A,D
00000000-0000-4000-8000-000000603002,00000000-0000-4000-8000-000000603000,6.03.002,Pesquisa e Inovação,A,D
00000000-0000-4000-8000-000000604001,00000000-0000-4000-8000-000000604000,6.04.001,Desenvolvimento de Marca,A,D
00000000-0000-4000-8000-000000604002,00000000-0000-4000-8000-000000604000,6.04.002,Projetos Especiais,A,D
00000000-0000-4000-8000-000000701001,00000000-0000-4000-8000-000000701000,7.01.001,Empréstimos Bancários,A,R
00000000-0000-4000-8000-000000701002,00000000-0000-4000-8000-000000701000,7.01.002,Capital de Giro,A,R
00000000-0000-4000-8000-000000701003,00000000-0000-4000-8000-000000701000,7.01.003,Financiamento de Equipamentos,A,R
00000000-0000-4000-8000-000000702001,00000000-0000-4000-8000-000000702000,7.02.001,Aportes de Capital,A,R
00000000-0000-4000-8000-000000702002,00000000-0000-4000-8000-000000702000,7.02.002,Devolução de Valores por Sócios,A,R
00000000-0000-4000-8000-000000703001,00000000-0000-4000-8000-000000703000,7.03.001,Resgate de Aplicação,A,R
00000000-0000-4000-8000-000000703002,00000000-0000-4000-8000-000000703000,7.03.002,Transferência Recebida entre Contas,A,R
00000000-0000-4000-8000-000000704001,00000000-0000-4000-8000-000000704000,7.04.001,Adiantamento de Clientes,A,R
00000000-0000-4000-8000-000000801001,00000000-0000-4000-8000-000000801000,8.01.001,Amortização de Empréstimos,A,D
00000000-0000-4000-8000-000000801002,00000000-0000-4000-8000-000000801000,8.01.002,Amortização de Financiamentos,A,D
00000000-0000-4000-8000-000000802001,00000000-0000-4000-8000-000000802000,8.02.001,Retiradas de Sócios,A,D
00000000-0000-4000-8000-000000802002,00000000-0000-4000-8000-000000802000,8.02.002,Distribuição de Lucros,A,D
00000000-0000-4000-8000-000000802003,00000000-0000-4000-8000-000000802000,8.02.003,Adiantamento a Sócios,A,D
00000000-0000-4000-8000-000000803001,00000000-0000-4000-8000-000000803000,8.03.001,Aplicação Financeira,A,D
00000000-0000-4000-8000-000000803002,00000000-0000-4000-8000-000000803000,8.03.002,Transferência Enviada entre Contas,A,D
00000000-0000-4000-8000-000000804001,00000000-0000-4000-8000-000000804000,8.04.001,Pagamento de Fatura de Cartão,A,D
00000000-0000-4000-8000-000000804002,00000000-0000-4000-8000-000000804000,8.04.002,Adiantamento a Fornecedores,A,D
